cohort_week,weeks_since_signup,retained_users,cohort_size,retention_rate
2025-09-01,0,98,98,1.0
2025-09-01,1,93,98,0.9489795918367347
2025-09-01,2,87,98,0.8877551020408163
2025-09-01,3,78,98,0.7959183673469388
2025-09-01,4,71,98,0.7244897959183674
2025-09-01,5,51,98,0.5204081632653061
2025-09-01,6,39,98,0.3979591836734694
2025-09-01,7,27,98,0.2755102040816326
2025-09-01,8,18,98,0.1836734693877551
2025-09-01,9,11,98,0.11224489795918367
2025-09-01,10,9,98,0.09183673469387756
2025-09-01,11,6,98,0.061224489795918366
2025-09-01,12,2,98,0.02040816326530612
2025-09-01,13,2,98,0.02040816326530612
2025-09-01,17,2,98,0.02040816326530612
2025-09-08,0,104,106,0.9811320754716981
2025-09-08,1,104,106,0.9811320754716981
2025-09-08,2,100,106,0.9433962264150944
2025-09-08,3,91,106,0.8584905660377359
2025-09-08,4,80,106,0.7547169811320755
2025-09-08,5,66,106,0.6226415094339622
2025-09-08,6,40,106,0.37735849056603776
2025-09-08,7,45,106,0.42452830188679247
2025-09-08,8,27,106,0.25471698113207547
2025-09-08,9,15,106,0.14150943396226415
2025-09-08,10,8,106,0.07547169811320754
2025-09-08,11,8,106,0.07547169811320754
2025-09-08,12,2,106,0.018867924528301886
2025-09-08,13,1,106,0.009433962264150943
2025-09-08,14,2,106,0.018867924528301886
2025-09-15,0,89,91,0.978021978021978
2025-09-15,1,88,91,0.967032967032967
2025-09-15,2,79,91,0.8681318681318682
2025-09-15,3,77,91,0.8461538461538461
2025-09-15,4,69,91,0.7582417582417582
2025-09-15,5,54,91,0.5934065934065934
2025-09-15,6,38,91,0.4175824175824176
2025-09-15,7,28,91,0.3076923076923077
2025-09-15,8,17,91,0.18681318681318682
2025-09-15,9,12,91,0.13186813186813187
2025-09-15,10,3,91,0.03296703296703297
2025-09-15,11,3,91,0.03296703296703297
2025-09-15,12,3,91,0.03296703296703297
2025-09-15,13,3,91,0.03296703296703297
2025-09-15,15,1,91,0.01098901098901099
2025-09-15,16,1,91,0.01098901098901099
2025-09-22,0,90,91,0.989010989010989
2025-09-22,1,89,91,0.978021978021978
2025-09-22,2,85,91,0.9340659340659341
2025-09-22,3,80,91,0.8791208791208791
2025-09-22,4,71,91,0.7802197802197802
2025-09-22,5,53,91,0.5824175824175825
2025-09-22,6,37,91,0.4065934065934066
2025-09-22,7,26,91,0.2857142857142857
2025-09-22,8,15,91,0.16483516483516483
2025-09-22,9,21,91,0.23076923076923078
2025-09-22,10,8,91,0.08791208791208792
2025-09-22,11,6,91,0.06593406593406594
2025-09-22,12,1,91,0.01098901098901099
2025-09-22,13,1,91,0.01098901098901099
2025-09-29,0,73,74,0.9864864864864865
2025-09-29,1,72,74,0.972972972972973
2025-09-29,2,66,74,0.8918918918918919
2025-09-29,3,56,74,0.7567567567567568
2025-09-29,4,51,74,0.6891891891891891
2025-09-29,5,39,74,0.527027027027027
2025-09-29,6,34,74,0.4594594594594595
2025-09-29,7,21,74,0.28378378378378377
2025-09-29,8,12,74,0.16216216216216217
2025-09-29,9,9,74,0.12162162162162163
2025-09-29,10,5,74,0.06756756756756757
2025-09-29,11,4,74,0.05405405405405406
2025-09-29,12,2,74,0.02702702702702703
2025-09-29,20,1,74,0.013513513513513514
2025-10-06,0,108,108,1.0
2025-10-06,1,108,108,1.0
2025-10-06,2,104,108,0.9629629629629629
2025-10-06,3,83,108,0.7685185185185185
2025-10-06,4,79,108,0.7314814814814815
2025-10-06,5,54,108,0.5
2025-10-06,6,44,108,0.4074074074074074
2025-10-06,7,15,108,0.1388888888888889
2025-10-06,8,16,108,0.14814814814814814
2025-10-06,9,11,108,0.10185185185185185
2025-10-06,10,8,108,0.07407407407407407
2025-10-06,11,4,108,0.037037037037037035
2025-10-06,12,2,108,0.018518518518518517
2025-10-06,17,1,108,0.009259259259259259
2025-10-06,20,1,108,0.009259259259259259
2025-10-13,0,100,103,0.970873786407767
2025-10-13,1,101,103,0.9805825242718447
2025-10-13,2,98,103,0.9514563106796117
2025-10-13,3,84,103,0.8155339805825242
2025-10-13,4,77,103,0.7475728155339806
2025-10-13,5,51,103,0.49514563106796117
2025-10-13,6,39,103,0.3786407766990291
2025-10-13,7,32,103,0.3106796116504854
2025-10-13,8,26,103,0.2524271844660194
2025-10-13,9,16,103,0.1553398058252427
2025-10-13,10,9,103,0.08737864077669903
2025-10-13,11,3,103,0.02912621359223301
2025-10-13,12,3,103,0.02912621359223301
2025-10-13,13,2,103,0.019417475728155338
2025-10-13,15,1,103,0.009708737864077669
2025-10-13,16,1,103,0.009708737864077669
2025-10-20,0,91,93,0.978494623655914
2025-10-20,1,89,93,0.956989247311828
2025-10-20,2,88,93,0.946236559139785
2025-10-20,3,78,93,0.8387096774193549
2025-10-20,4,56,93,0.6021505376344086
2025-10-20,5,42,93,0.45161290322580644
2025-10-20,6,31,93,0.3333333333333333
2025-10-20,7,25,93,0.26881720430107525
2025-10-20,8,16,93,0.17204301075268819
2025-10-20,9,7,93,0.07526881720430108
2025-10-20,10,6,93,0.06451612903225806
2025-10-20,11,5,93,0.053763440860215055
2025-10-20,12,1,93,0.010752688172043012
2025-10-20,14,2,93,0.021505376344086023
2025-10-20,16,1,93,0.010752688172043012
2025-10-20,19,1,93,0.010752688172043012
2025-10-27,0,112,114,0.9824561403508771
2025-10-27,1,114,114,1.0
2025-10-27,2,107,114,0.9385964912280702
2025-10-27,3,96,114,0.8421052631578947
2025-10-27,4,80,114,0.7017543859649122
2025-10-27,5,70,114,0.6140350877192983
2025-10-27,6,49,114,0.4298245614035088
2025-10-27,7,25,114,0.21929824561403508
2025-10-27,8,21,114,0.18421052631578946
2025-10-27,9,16,114,0.14035087719298245
2025-10-27,10,8,114,0.07017543859649122
2025-10-27,11,7,114,0.06140350877192982
2025-10-27,12,2,114,0.017543859649122806
2025-10-27,13,4,114,0.03508771929824561
2025-11-03,0,85,85,1.0
2025-11-03,1,84,85,0.9882352941176471
2025-11-03,2,82,85,0.9647058823529412
2025-11-03,3,75,85,0.8823529411764706
2025-11-03,4,63,85,0.7411764705882353
2025-11-03,5,50,85,0.5882352941176471
2025-11-03,6,30,85,0.35294117647058826
2025-11-03,7,17,85,0.2
2025-11-03,8,19,85,0.2235294117647059
2025-11-03,9,12,85,0.1411764705882353
2025-11-03,10,7,85,0.08235294117647059
2025-11-03,11,3,85,0.03529411764705882
2025-11-03,12,1,85,0.011764705882352941
2025-11-03,13,2,85,0.023529411764705882
2025-11-03,16,1,85,0.011764705882352941
2025-11-03,17,1,85,0.011764705882352941
2025-11-10,0,88,89,0.9887640449438202
2025-11-10,1,88,89,0.9887640449438202
2025-11-10,2,79,89,0.8876404494382022
2025-11-10,3,69,89,0.7752808988764045
2025-11-10,4,56,89,0.6292134831460674
2025-11-10,5,44,89,0.4943820224719101
2025-11-10,6,32,89,0.3595505617977528
2025-11-10,7,21,89,0.23595505617977527
2025-11-10,8,17,89,0.19101123595505617
2025-11-10,9,11,89,0.12359550561797752
2025-11-10,10,6,89,0.06741573033707865
2025-11-10,11,2,89,0.02247191011235955
2025-11-10,12,1,89,0.011235955056179775
2025-11-10,14,1,89,0.011235955056179775
2025-11-10,15,1,89,0.011235955056179775
2025-11-10,16,1,89,0.011235955056179775
2025-11-10,17,3,89,0.033707865168539325
2025-11-17,0,87,88,0.9886363636363636
2025-11-17,1,87,88,0.9886363636363636
2025-11-17,2,82,88,0.9318181818181818
2025-11-17,3,76,88,0.8636363636363636
2025-11-17,4,57,88,0.6477272727272727
2025-11-17,5,50,88,0.5681818181818182
2025-11-17,6,39,88,0.4431818181818182
2025-11-17,7,31,88,0.3522727272727273
2025-11-17,8,17,88,0.19318181818181818
2025-11-17,9,11,88,0.125
2025-11-17,10,6,88,0.06818181818181818
2025-11-17,11,5,88,0.056818181818181816
2025-11-17,12,4,88,0.045454545454545456
2025-11-17,13,4,88,0.045454545454545456
2025-11-17,14,1,88,0.011363636363636364
2025-11-17,17,1,88,0.011363636363636364
2025-11-24,0,82,84,0.9761904761904762
2025-11-24,1,84,84,1.0
2025-11-24,2,75,84,0.8928571428571429
2025-11-24,3,70,84,0.8333333333333334
2025-11-24,4,64,84,0.7619047619047619
2025-11-24,5,44,84,0.5238095238095238
2025-11-24,6,32,84,0.38095238095238093
2025-11-24,7,20,84,0.23809523809523808
2025-11-24,8,9,84,0.10714285714285714
2025-11-24,9,8,84,0.09523809523809523
2025-11-24,10,3,84,0.03571428571428571
2025-11-24,11,3,84,0.03571428571428571
2025-11-24,12,1,84,0.011904761904761904
2025-11-24,13,2,84,0.023809523809523808
2025-11-24,16,4,84,0.047619047619047616
2025-12-01,0,95,95,1.0
2025-12-01,1,92,95,0.968421052631579
2025-12-01,2,91,95,0.9578947368421052
2025-12-01,3,83,95,0.8736842105263158
2025-12-01,4,70,95,0.7368421052631579
2025-12-01,5,51,95,0.5368421052631579
2025-12-01,6,37,95,0.3894736842105263
2025-12-01,7,32,95,0.3368421052631579
2025-12-01,8,21,95,0.22105263157894736
2025-12-01,9,9,95,0.09473684210526316
2025-12-01,10,10,95,0.10526315789473684
2025-12-01,11,2,95,0.021052631578947368
2025-12-01,12,3,95,0.031578947368421054
2025-12-01,13,3,95,0.031578947368421054
2025-12-01,14,2,95,0.021052631578947368
2025-12-01,15,2,95,0.021052631578947368
2025-12-08,0,103,105,0.9809523809523809
2025-12-08,1,103,105,0.9809523809523809
2025-12-08,2,96,105,0.9142857142857143
2025-12-08,3,83,105,0.7904761904761904
2025-12-08,4,71,105,0.6761904761904762
2025-12-08,5,57,105,0.5428571428571428
2025-12-08,6,50,105,0.47619047619047616
2025-12-08,7,33,105,0.3142857142857143
2025-12-08,8,17,105,0.1619047619047619
2025-12-08,9,9,105,0.08571428571428572
2025-12-08,10,5,105,0.047619047619047616
2025-12-08,11,3,105,0.02857142857142857
2025-12-08,12,1,105,0.009523809523809525
2025-12-08,13,3,105,0.02857142857142857
2025-12-08,15,1,105,0.009523809523809525
2025-12-08,17,1,105,0.009523809523809525
2025-12-15,0,98,99,0.98989898989899
2025-12-15,1,92,99,0.9292929292929293
2025-12-15,2,89,99,0.898989898989899
2025-12-15,3,82,99,0.8282828282828283
2025-12-15,4,64,99,0.6464646464646465
2025-12-15,5,60,99,0.6060606060606061
2025-12-15,6,41,99,0.41414141414141414
2025-12-15,7,23,99,0.23232323232323232
2025-12-15,8,18,99,0.18181818181818182
2025-12-15,9,9,99,0.09090909090909091
2025-12-15,10,10,99,0.10101010101010101
2025-12-15,11,2,99,0.020202020202020204
2025-12-15,12,3,99,0.030303030303030304
2025-12-15,13,2,99,0.020202020202020204
2025-12-15,14,1,99,0.010101010101010102
2025-12-15,15,1,99,0.010101010101010102
2025-12-22,0,109,111,0.9819819819819819
2025-12-22,1,108,111,0.972972972972973
2025-12-22,2,104,111,0.9369369369369369
2025-12-22,3,95,111,0.8558558558558559
2025-12-22,4,82,111,0.7387387387387387
2025-12-22,5,70,111,0.6306306306306306
2025-12-22,6,47,111,0.42342342342342343
2025-12-22,7,29,111,0.26126126126126126
2025-12-22,8,23,111,0.2072072072072072
2025-12-22,9,9,111,0.08108108108108109
2025-12-22,10,9,111,0.08108108108108109
2025-12-22,11,4,111,0.036036036036036036
2025-12-22,12,2,111,0.018018018018018018
2025-12-22,13,1,111,0.009009009009009009
2025-12-22,14,2,111,0.018018018018018018
2025-12-22,15,1,111,0.009009009009009009
2025-12-22,16,1,111,0.009009009009009009
2025-12-29,0,90,92,0.9782608695652174
2025-12-29,1,88,92,0.9565217391304348
2025-12-29,2,82,92,0.8913043478260869
2025-12-29,3,78,92,0.8478260869565217
2025-12-29,4,62,92,0.6739130434782609
2025-12-29,5,47,92,0.5108695652173914
2025-12-29,6,30,92,0.32608695652173914
2025-12-29,7,29,92,0.31521739130434784
2025-12-29,8,17,92,0.18478260869565216
2025-12-29,9,4,92,0.043478260869565216
2025-12-29,10,4,92,0.043478260869565216
2025-12-29,11,4,92,0.043478260869565216
2025-12-29,12,1,92,0.010869565217391304
2025-12-29,13,1,92,0.010869565217391304
2025-12-29,14,1,92,0.010869565217391304
2025-12-29,17,1,92,0.010869565217391304
2026-01-05,0,101,101,1.0
2026-01-05,1,98,101,0.9702970297029703
2026-01-05,2,99,101,0.9801980198019802
2026-01-05,3,81,101,0.801980198019802
2026-01-05,4,74,101,0.7326732673267327
2026-01-05,5,56,101,0.5544554455445545
2026-01-05,6,43,101,0.42574257425742573
2026-01-05,7,27,101,0.26732673267326734
2026-01-05,8,16,101,0.15841584158415842
2026-01-05,9,14,101,0.13861386138613863
2026-01-05,10,9,101,0.0891089108910891
2026-01-05,11,5,101,0.04950495049504951
2026-01-05,12,4,101,0.039603960396039604
2026-01-05,13,3,101,0.0297029702970297
2026-01-05,14,2,101,0.019801980198019802
2026-01-05,15,1,101,0.009900990099009901
2026-01-05,16,1,101,0.009900990099009901
2026-01-05,18,1,101,0.009900990099009901
2026-01-12,0,86,88,0.9772727272727273
2026-01-12,1,86,88,0.9772727272727273
2026-01-12,2,82,88,0.9318181818181818
2026-01-12,3,76,88,0.8636363636363636
2026-01-12,4,68,88,0.7727272727272727
2026-01-12,5,59,88,0.6704545454545454
2026-01-12,6,38,88,0.4318181818181818
2026-01-12,7,30,88,0.3409090909090909
2026-01-12,8,22,88,0.25
2026-01-12,9,19,88,0.2159090909090909
2026-01-12,10,7,88,0.07954545454545454
2026-01-12,11,7,88,0.07954545454545454
2026-01-12,12,4,88,0.045454545454545456
2026-01-12,13,1,88,0.011363636363636364
2026-01-12,14,1,88,0.011363636363636364
2026-01-19,0,113,113,1.0
2026-01-19,1,112,113,0.9911504424778761
2026-01-19,2,106,113,0.9380530973451328
2026-01-19,3,94,113,0.831858407079646
2026-01-19,4,79,113,0.6991150442477876
2026-01-19,5,61,113,0.5398230088495575
2026-01-19,6,49,113,0.4336283185840708
2026-01-19,7,38,113,0.336283185840708
2026-01-19,8,21,113,0.18584070796460178
2026-01-19,9,13,113,0.11504424778761062
2026-01-19,10,7,113,0.061946902654867256
2026-01-19,11,6,113,0.05309734513274336
2026-01-19,12,6,113,0.05309734513274336
2026-01-19,13,2,113,0.017699115044247787
2026-01-19,14,1,113,0.008849557522123894
2026-01-19,15,1,113,0.008849557522123894
2026-01-19,16,1,113,0.008849557522123894
2026-01-19,18,1,113,0.008849557522123894
2026-01-26,0,121,121,1.0
2026-01-26,1,118,121,0.9752066115702479
2026-01-26,2,112,121,0.9256198347107438
2026-01-26,3,101,121,0.8347107438016529
2026-01-26,4,90,121,0.743801652892562
2026-01-26,5,70,121,0.5785123966942148
2026-01-26,6,59,121,0.48760330578512395
2026-01-26,7,45,121,0.371900826446281
2026-01-26,8,29,121,0.2396694214876033
2026-01-26,9,9,121,0.0743801652892562
2026-01-26,10,12,121,0.09917355371900827
2026-01-26,11,2,121,0.01652892561983471
2026-01-26,12,6,121,0.049586776859504134
2026-01-26,13,5,121,0.04132231404958678
2026-01-26,14,2,121,0.01652892561983471
2026-02-02,0,107,107,1.0
2026-02-02,1,104,107,0.9719626168224299
2026-02-02,2,99,107,0.9252336448598131
2026-02-02,3,92,107,0.8598130841121495
2026-02-02,4,78,107,0.7289719626168224
2026-02-02,5,66,107,0.616822429906542
2026-02-02,6,42,107,0.3925233644859813
2026-02-02,7,41,107,0.38317757009345793
2026-02-02,8,26,107,0.24299065420560748
2026-02-02,9,7,107,0.06542056074766354
2026-02-02,10,8,107,0.07476635514018691
2026-02-02,11,8,107,0.07476635514018691
2026-02-02,12,5,107,0.04672897196261682
2026-02-02,13,2,107,0.018691588785046728
2026-02-02,14,1,107,0.009345794392523364
2026-02-02,15,1,107,0.009345794392523364
2026-02-09,0,98,98,1.0
2026-02-09,1,96,98,0.9795918367346939
2026-02-09,2,90,98,0.9183673469387755
2026-02-09,3,79,98,0.8061224489795918
2026-02-09,4,73,98,0.7448979591836735
2026-02-09,5,57,98,0.5816326530612245
2026-02-09,6,34,98,0.3469387755102041
2026-02-09,7,24,98,0.24489795918367346
2026-02-09,8,12,98,0.12244897959183673
2026-02-09,9,8,98,0.08163265306122448
2026-02-09,10,8,98,0.08163265306122448
2026-02-09,11,3,98,0.030612244897959183
2026-02-09,12,3,98,0.030612244897959183
2026-02-09,13,3,98,0.030612244897959183
2026-02-09,15,2,98,0.02040816326530612
2026-02-16,0,95,96,0.9895833333333334
2026-02-16,1,93,96,0.96875
2026-02-16,2,84,96,0.875
2026-02-16,3,76,96,0.7916666666666666
2026-02-16,4,67,96,0.6979166666666666
2026-02-16,5,52,96,0.5416666666666666
2026-02-16,6,26,96,0.2708333333333333
2026-02-16,7,25,96,0.2604166666666667
2026-02-16,8,15,96,0.15625
2026-02-16,9,12,96,0.125
2026-02-16,10,9,96,0.09375
2026-02-16,11,5,96,0.052083333333333336
2026-02-16,12,1,96,0.010416666666666666
2026-02-16,13,3,96,0.03125
2026-02-16,14,1,96,0.010416666666666666
2026-02-23,0,92,93,0.989247311827957
2026-02-23,1,92,93,0.989247311827957
2026-02-23,2,84,93,0.9032258064516129
2026-02-23,3,72,93,0.7741935483870968
2026-02-23,4,62,93,0.6666666666666666
2026-02-23,5,47,93,0.5053763440860215
2026-02-23,6,41,93,0.44086021505376344
2026-02-23,7,30,93,0.3225806451612903
2026-02-23,8,19,93,0.20430107526881722
2026-02-23,9,10,93,0.10752688172043011
2026-02-23,10,9,93,0.0967741935483871
2026-02-23,11,3,93,0.03225806451612903
2026-02-23,12,4,93,0.043010752688172046
2026-02-23,13,3,93,0.03225806451612903
2026-02-23,16,1,93,0.010752688172043012
2026-03-02,0,87,90,0.9666666666666667
2026-03-02,1,85,90,0.9444444444444444
2026-03-02,2,84,90,0.9333333333333333
2026-03-02,3,67,90,0.7444444444444445
2026-03-02,4,60,90,0.6666666666666666
2026-03-02,5,46,90,0.5111111111111111
2026-03-02,6,33,90,0.36666666666666664
2026-03-02,7,24,90,0.26666666666666666
2026-03-02,8,23,90,0.25555555555555554
2026-03-02,9,6,90,0.06666666666666667
2026-03-02,10,7,90,0.07777777777777778
2026-03-02,11,3,90,0.03333333333333333
2026-03-02,12,2,90,0.022222222222222223
2026-03-02,13,3,90,0.03333333333333333
2026-03-09,0,91,92,0.9891304347826086
2026-03-09,1,87,92,0.9456521739130435
2026-03-09,2,83,92,0.9021739130434783
2026-03-09,3,77,92,0.8369565217391305
2026-03-09,4,58,92,0.6304347826086957
2026-03-09,5,47,92,0.5108695652173914
2026-03-09,6,39,92,0.42391304347826086
2026-03-09,7,29,92,0.31521739130434784
2026-03-09,8,16,92,0.17391304347826086
2026-03-09,9,12,92,0.13043478260869565
2026-03-09,10,5,92,0.05434782608695652
2026-03-09,11,2,92,0.021739130434782608
2026-03-09,12,3,92,0.03260869565217391
2026-03-09,13,2,92,0.021739130434782608
2026-03-09,14,2,92,0.021739130434782608
2026-03-09,15,3,92,0.03260869565217391
2026-03-09,18,1,92,0.010869565217391304
2026-03-16,0,80,81,0.9876543209876543
2026-03-16,1,78,81,0.9629629629629629
2026-03-16,2,72,81,0.8888888888888888
2026-03-16,3,67,81,0.8271604938271605
2026-03-16,4,55,81,0.6790123456790124
2026-03-16,5,39,81,0.48148148148148145
2026-03-16,6,36,81,0.4444444444444444
2026-03-16,7,17,81,0.20987654320987653
2026-03-16,8,19,81,0.2345679012345679
2026-03-16,9,7,81,0.08641975308641975
2026-03-16,10,7,81,0.08641975308641975
2026-03-16,11,6,81,0.07407407407407407
2026-03-16,12,3,81,0.037037037037037035
2026-03-16,13,3,81,0.037037037037037035
2026-03-16,14,2,81,0.024691358024691357
2026-03-16,15,1,81,0.012345679012345678
2026-03-23,0,83,83,1.0
2026-03-23,1,80,83,0.963855421686747
2026-03-23,2,72,83,0.8674698795180723
2026-03-23,3,70,83,0.8433734939759037
2026-03-23,4,55,83,0.6626506024096386
2026-03-23,5,52,83,0.6265060240963856
2026-03-23,6,35,83,0.42168674698795183
2026-03-23,7,23,83,0.27710843373493976
2026-03-23,8,15,83,0.18072289156626506
2026-03-23,9,9,83,0.10843373493975904
2026-03-23,10,5,83,0.060240963855421686
2026-03-23,11,6,83,0.07228915662650602
2026-03-23,12,2,83,0.024096385542168676
2026-03-23,13,3,83,0.03614457831325301
2026-03-23,15,1,83,0.012048192771084338
2026-03-30,0,102,104,0.9807692307692307
2026-03-30,1,100,104,0.9615384615384616
2026-03-30,2,96,104,0.9230769230769231
2026-03-30,3,83,104,0.7980769230769231
2026-03-30,4,78,104,0.75
2026-03-30,5,56,104,0.5384615384615384
2026-03-30,6,41,104,0.3942307692307692
2026-03-30,7,37,104,0.3557692307692308
2026-03-30,8,11,104,0.10576923076923077
2026-03-30,9,8,104,0.07692307692307693
2026-03-30,10,8,104,0.07692307692307693
2026-03-30,11,5,104,0.04807692307692308
2026-03-30,12,4,104,0.038461538461538464
2026-03-30,13,2,104,0.019230769230769232
2026-03-30,14,1,104,0.009615384615384616
2026-03-30,15,2,104,0.019230769230769232
2026-03-30,17,2,104,0.019230769230769232
2026-04-06,0,99,100,0.99
2026-04-06,1,100,100,1.0
2026-04-06,2,93,100,0.93
2026-04-06,3,83,100,0.83
2026-04-06,4,69,100,0.69
2026-04-06,5,57,100,0.57
2026-04-06,6,40,100,0.4
2026-04-06,7,22,100,0.22
2026-04-06,8,18,100,0.18
2026-04-06,9,12,100,0.12
2026-04-06,10,9,100,0.09
2026-04-06,11,6,100,0.06
2026-04-06,12,1,100,0.01
2026-04-06,13,1,100,0.01
2026-04-13,0,95,98,0.9693877551020408
2026-04-13,1,96,98,0.9795918367346939
2026-04-13,2,94,98,0.9591836734693877
2026-04-13,3,86,98,0.8775510204081632
2026-04-13,4,69,98,0.7040816326530612
2026-04-13,5,61,98,0.6224489795918368
2026-04-13,6,38,98,0.3877551020408163
2026-04-13,7,33,98,0.336734693877551
2026-04-13,8,22,98,0.22448979591836735
2026-04-13,9,15,98,0.15306122448979592
2026-04-13,10,5,98,0.05102040816326531
2026-04-13,11,6,98,0.061224489795918366
2026-04-13,12,4,98,0.04081632653061224
2026-04-13,16,1,98,0.01020408163265306
2026-04-20,0,87,89,0.9775280898876404
2026-04-20,1,85,89,0.9550561797752809
2026-04-20,2,83,89,0.9325842696629213
2026-04-20,3,71,89,0.797752808988764
2026-04-20,4,62,89,0.6966292134831461
2026-04-20,5,45,89,0.5056179775280899
2026-04-20,6,41,89,0.4606741573033708
2026-04-20,7,22,89,0.24719101123595505
2026-04-20,8,16,89,0.1797752808988764
2026-04-20,9,13,89,0.14606741573033707
2026-04-20,10,4,89,0.0449438202247191
2026-04-20,11,2,89,0.02247191011235955
2026-04-20,13,2,89,0.02247191011235955
2026-04-27,0,82,83,0.9879518072289156
2026-04-27,1,81,83,0.9759036144578314
2026-04-27,2,76,83,0.9156626506024096
2026-04-27,3,66,83,0.7951807228915663
2026-04-27,4,58,83,0.6987951807228916
2026-04-27,5,49,83,0.5903614457831325
2026-04-27,6,37,83,0.4457831325301205
2026-04-27,7,28,83,0.3373493975903614
2026-04-27,8,14,83,0.1686746987951807
2026-04-27,9,12,83,0.14457831325301204
2026-04-27,10,12,83,0.14457831325301204
2026-04-27,11,5,83,0.060240963855421686
2026-04-27,12,3,83,0.03614457831325301
2026-04-27,13,2,83,0.024096385542168676
2026-04-27,15,1,83,0.012048192771084338
2026-04-27,17,1,83,0.012048192771084338
2026-05-04,0,92,94,0.9787234042553191
2026-05-04,1,93,94,0.9893617021276596
2026-05-04,2,90,94,0.9574468085106383
2026-05-04,3,78,94,0.8297872340425532
2026-05-04,4,69,94,0.7340425531914894
2026-05-04,5,51,94,0.5425531914893617
2026-05-04,6,42,94,0.44680851063829785
2026-05-04,7,30,94,0.3191489361702128
2026-05-04,8,21,94,0.22340425531914893
2026-05-04,9,8,94,0.0851063829787234
2026-05-04,10,5,94,0.05319148936170213
2026-05-04,11,6,94,0.06382978723404255
2026-05-04,12,3,94,0.031914893617021274
2026-05-04,13,4,94,0.0425531914893617
2026-05-04,15,1,94,0.010638297872340425
2026-05-11,0,84,85,0.9882352941176471
2026-05-11,1,82,85,0.9647058823529412
2026-05-11,2,79,85,0.9294117647058824
2026-05-11,3,73,85,0.8588235294117647
2026-05-11,4,62,85,0.7294117647058823
2026-05-11,5,50,85,0.5882352941176471
2026-05-11,6,31,85,0.36470588235294116
2026-05-11,7,24,85,0.2823529411764706
2026-05-11,8,28,85,0.32941176470588235
2026-05-11,9,9,85,0.10588235294117647
2026-05-11,10,8,85,0.09411764705882353
2026-05-11,11,4,85,0.047058823529411764
2026-05-11,12,2,85,0.023529411764705882
2026-05-11,13,2,85,0.023529411764705882
2026-05-18,0,96,98,0.9795918367346939
2026-05-18,1,94,98,0.9591836734693877
2026-05-18,2,90,98,0.9183673469387755
2026-05-18,3,82,98,0.8367346938775511
2026-05-18,4,62,98,0.6326530612244898
2026-05-18,5,54,98,0.5510204081632653
2026-05-18,6,35,98,0.35714285714285715
2026-05-18,7,29,98,0.29591836734693877
2026-05-18,8,21,98,0.21428571428571427
2026-05-18,9,11,98,0.11224489795918367
2026-05-18,10,5,98,0.05102040816326531
2026-05-18,11,5,98,0.05102040816326531
2026-05-18,12,3,98,0.030612244897959183
2026-05-18,13,1,98,0.01020408163265306
2026-05-25,0,100,101,0.9900990099009901
2026-05-25,1,98,101,0.9702970297029703
2026-05-25,2,93,101,0.9207920792079208
2026-05-25,3,82,101,0.8118811881188119
2026-05-25,4,73,101,0.7227722772277227
2026-05-25,5,62,101,0.6138613861386139
2026-05-25,6,41,101,0.40594059405940597
2026-05-25,7,30,101,0.297029702970297
2026-05-25,8,14,101,0.13861386138613863
2026-05-25,9,17,101,0.16831683168316833
2026-05-25,10,9,101,0.0891089108910891
2026-05-25,11,2,101,0.019801980198019802
2026-05-25,12,4,101,0.039603960396039604
2026-06-01,0,86,87,0.9885057471264368
2026-06-01,1,84,87,0.9655172413793104
2026-06-01,2,79,87,0.9080459770114943
2026-06-01,3,69,87,0.7931034482758621
2026-06-01,4,62,87,0.7126436781609196
2026-06-01,5,48,87,0.5517241379310345
2026-06-01,6,37,87,0.42528735632183906
2026-06-01,7,18,87,0.20689655172413793
2026-06-01,8,23,87,0.26436781609195403
2026-06-01,9,18,87,0.20689655172413793
2026-06-01,10,7,87,0.08045977011494253
2026-06-01,11,2,87,0.022988505747126436
2026-06-01,12,1,87,0.011494252873563218
2026-06-08,0,93,94,0.9893617021276596
2026-06-08,1,89,94,0.9468085106382979
2026-06-08,2,85,94,0.9042553191489362
2026-06-08,3,72,94,0.7659574468085106
2026-06-08,4,74,94,0.7872340425531915
2026-06-08,5,56,94,0.5957446808510638
2026-06-08,6,38,94,0.40425531914893614
2026-06-08,7,30,94,0.3191489361702128
2026-06-08,8,15,94,0.1595744680851064
2026-06-08,9,10,94,0.10638297872340426
2026-06-08,10,8,94,0.0851063829787234
2026-06-08,11,6,94,0.06382978723404255
2026-06-15,0,110,114,0.9649122807017544
2026-06-15,1,111,114,0.9736842105263158
2026-06-15,2,104,114,0.9122807017543859
2026-06-15,3,90,114,0.7894736842105263
2026-06-15,4,79,114,0.6929824561403509
2026-06-15,5,60,114,0.5263157894736842
2026-06-15,6,49,114,0.4298245614035088
2026-06-15,7,32,114,0.2807017543859649
2026-06-15,8,24,114,0.21052631578947367
2026-06-15,9,14,114,0.12280701754385964
2026-06-15,10,10,114,0.08771929824561403
2026-06-22,0,69,69,1.0
2026-06-22,1,68,69,0.9855072463768116
2026-06-22,2,64,69,0.927536231884058
2026-06-22,3,59,69,0.855072463768116
2026-06-22,4,53,69,0.7681159420289855
2026-06-22,5,43,69,0.6231884057971014
2026-06-22,6,36,69,0.5217391304347826
2026-06-22,7,25,69,0.36231884057971014
2026-06-22,8,12,69,0.17391304347826086
2026-06-22,9,8,69,0.11594202898550725
2026-06-29,0,102,103,0.9902912621359223
2026-06-29,1,100,103,0.970873786407767
2026-06-29,2,92,103,0.8932038834951457
2026-06-29,3,85,103,0.8252427184466019
2026-06-29,4,76,103,0.7378640776699029
2026-06-29,5,49,103,0.47572815533980584
2026-06-29,6,35,103,0.33980582524271846
2026-06-29,7,28,103,0.27184466019417475
2026-06-29,8,21,103,0.20388349514563106
2026-07-06,0,111,111,1.0
2026-07-06,1,106,111,0.954954954954955
2026-07-06,2,98,111,0.8828828828828829
2026-07-06,3,86,111,0.7747747747747747
2026-07-06,4,72,111,0.6486486486486487
2026-07-06,5,60,111,0.5405405405405406
2026-07-06,6,42,111,0.3783783783783784
2026-07-06,7,22,111,0.1981981981981982
2026-07-06,8,1,111,0.009009009009009009
2026-07-13,0,105,105,1.0
2026-07-13,1,103,105,0.9809523809523809
2026-07-13,2,100,105,0.9523809523809523
2026-07-13,3,92,105,0.8761904761904762
2026-07-13,4,65,105,0.6190476190476191
2026-07-13,5,56,105,0.5333333333333333
2026-07-13,6,35,105,0.3333333333333333
2026-07-13,7,1,105,0.009523809523809525
2026-07-20,0,89,92,0.967391304347826
2026-07-20,1,89,92,0.967391304347826
2026-07-20,2,88,92,0.9565217391304348
2026-07-20,3,76,92,0.8260869565217391
2026-07-20,4,69,92,0.75
2026-07-20,5,29,92,0.31521739130434784
2026-07-20,6,1,92,0.010869565217391304
2026-07-27,0,81,81,1.0
2026-07-27,1,79,81,0.9753086419753086
2026-07-27,2,81,81,1.0
2026-07-27,3,70,81,0.8641975308641975
2026-07-27,4,43,81,0.5308641975308642
2026-07-27,5,2,81,0.024691358024691357
2026-08-03,0,103,103,1.0
2026-08-03,1,101,103,0.9805825242718447
2026-08-03,2,94,103,0.912621359223301
2026-08-03,3,75,103,0.7281553398058253
2026-08-03,4,3,103,0.02912621359223301
2026-08-10,0,91,94,0.9680851063829787
2026-08-10,1,91,94,0.9680851063829787
2026-08-10,2,77,94,0.8191489361702128
2026-08-10,3,9,94,0.09574468085106383
2026-08-17,0,90,91,0.989010989010989
2026-08-17,1,79,91,0.8681318681318682
2026-08-17,2,2,91,0.02197802197802198
2026-08-24,0,90,96,0.9375
2026-08-24,1,6,96,0.0625
2026-08-31,0,12,19,0.631578947368421
