from_week,active_users,returned_next_week,wow_retention
0,4925,4699,0.9541116751269035
1,4748,4334,0.9128053917438922
2,4419,3671,0.8307309346005883
3,3873,2836,0.7322489026594371
4,3240,1943,0.5996913580246913
5,2493,1188,0.47653429602888087
6,1783,647,0.3628715647784633
7,1243,280,0.2252614641995173
8,820,121,0.1475609756097561
9,481,46,0.09563409563409564
10,307,22,0.07166123778501629
11,179,8,0.0446927374301676
12,103,1,0.009708737864077669
13,78,0,0.0
14,25,0,0.0
15,22,0,0.0
16,14,0,0.0
17,13,0,0.0
18,3,0,0.0
19,1,0,0.0
20,2,0,0.0
