cohort_week,cohort_size,week_0,week_1,week_2,week_3,week_4,week_5,week_6,week_7,week_8,week_9,week_10,week_11,week_12,week_13,week_14,week_15,week_16,week_17,week_18,week_19,week_20
2025-09-01,98,1.0,0.9489795918367347,0.8877551020408163,0.7959183673469388,0.7244897959183674,0.5204081632653061,0.3979591836734694,0.2755102040816326,0.1836734693877551,0.11224489795918367,0.09183673469387756,0.061224489795918366,0.02040816326530612,0.02040816326530612,,,,0.02040816326530612,,,
2025-09-08,106,0.9811320754716981,0.9811320754716981,0.9433962264150944,0.8584905660377359,0.7547169811320755,0.6226415094339622,0.37735849056603776,0.42452830188679247,0.25471698113207547,0.14150943396226415,0.07547169811320754,0.07547169811320754,0.018867924528301886,0.009433962264150943,0.018867924528301886,,,,,,
2025-09-15,91,0.978021978021978,0.967032967032967,0.8681318681318682,0.8461538461538461,0.7582417582417582,0.5934065934065934,0.4175824175824176,0.3076923076923077,0.18681318681318682,0.13186813186813187,0.03296703296703297,0.03296703296703297,0.03296703296703297,0.03296703296703297,,0.01098901098901099,0.01098901098901099,,,,
2025-09-22,91,0.989010989010989,0.978021978021978,0.9340659340659341,0.8791208791208791,0.7802197802197802,0.5824175824175825,0.4065934065934066,0.2857142857142857,0.16483516483516483,0.23076923076923078,0.08791208791208792,0.06593406593406594,0.01098901098901099,0.01098901098901099,,,,,,,
2025-09-29,74,0.9864864864864865,0.972972972972973,0.8918918918918919,0.7567567567567568,0.6891891891891891,0.527027027027027,0.4594594594594595,0.28378378378378377,0.16216216216216217,0.12162162162162163,0.06756756756756757,0.05405405405405406,0.02702702702702703,,,,,,,,0.013513513513513514
2025-10-06,108,1.0,1.0,0.9629629629629629,0.7685185185185185,0.7314814814814815,0.5,0.4074074074074074,0.1388888888888889,0.14814814814814814,0.10185185185185185,0.07407407407407407,0.037037037037037035,0.018518518518518517,,,,,0.009259259259259259,,,0.009259259259259259
2025-10-13,103,0.970873786407767,0.9805825242718447,0.9514563106796117,0.8155339805825242,0.7475728155339806,0.49514563106796117,0.3786407766990291,0.3106796116504854,0.2524271844660194,0.1553398058252427,0.08737864077669903,0.02912621359223301,0.02912621359223301,0.019417475728155338,,0.009708737864077669,0.009708737864077669,,,,
2025-10-20,93,0.978494623655914,0.956989247311828,0.946236559139785,0.8387096774193549,0.6021505376344086,0.45161290322580644,0.3333333333333333,0.26881720430107525,0.17204301075268819,0.07526881720430108,0.06451612903225806,0.053763440860215055,0.010752688172043012,,0.021505376344086023,,0.010752688172043012,,,0.010752688172043012,
2025-10-27,114,0.9824561403508771,1.0,0.9385964912280702,0.8421052631578947,0.7017543859649122,0.6140350877192983,0.4298245614035088,0.21929824561403508,0.18421052631578946,0.14035087719298245,0.07017543859649122,0.06140350877192982,0.017543859649122806,0.03508771929824561,,,,,,,
2025-11-03,85,1.0,0.9882352941176471,0.9647058823529412,0.8823529411764706,0.7411764705882353,0.5882352941176471,0.35294117647058826,0.2,0.2235294117647059,0.1411764705882353,0.08235294117647059,0.03529411764705882,0.011764705882352941,0.023529411764705882,,,0.011764705882352941,0.011764705882352941,,,
2025-11-10,89,0.9887640449438202,0.9887640449438202,0.8876404494382022,0.7752808988764045,0.6292134831460674,0.4943820224719101,0.3595505617977528,0.23595505617977527,0.19101123595505617,0.12359550561797752,0.06741573033707865,0.02247191011235955,0.011235955056179775,,0.011235955056179775,0.011235955056179775,0.011235955056179775,0.033707865168539325,,,
2025-11-17,88,0.9886363636363636,0.9886363636363636,0.9318181818181818,0.8636363636363636,0.6477272727272727,0.5681818181818182,0.4431818181818182,0.3522727272727273,0.19318181818181818,0.125,0.06818181818181818,0.056818181818181816,0.045454545454545456,0.045454545454545456,0.011363636363636364,,,0.011363636363636364,,,
2025-11-24,84,0.9761904761904762,1.0,0.8928571428571429,0.8333333333333334,0.7619047619047619,0.5238095238095238,0.38095238095238093,0.23809523809523808,0.10714285714285714,0.09523809523809523,0.03571428571428571,0.03571428571428571,0.011904761904761904,0.023809523809523808,,,0.047619047619047616,,,,
2025-12-01,95,1.0,0.968421052631579,0.9578947368421052,0.8736842105263158,0.7368421052631579,0.5368421052631579,0.3894736842105263,0.3368421052631579,0.22105263157894736,0.09473684210526316,0.10526315789473684,0.021052631578947368,0.031578947368421054,0.031578947368421054,0.021052631578947368,0.021052631578947368,,,,,
2025-12-08,105,0.9809523809523809,0.9809523809523809,0.9142857142857143,0.7904761904761904,0.6761904761904762,0.5428571428571428,0.47619047619047616,0.3142857142857143,0.1619047619047619,0.08571428571428572,0.047619047619047616,0.02857142857142857,0.009523809523809525,0.02857142857142857,,0.009523809523809525,,0.009523809523809525,,,
2025-12-15,99,0.98989898989899,0.9292929292929293,0.898989898989899,0.8282828282828283,0.6464646464646465,0.6060606060606061,0.41414141414141414,0.23232323232323232,0.18181818181818182,0.09090909090909091,0.10101010101010101,0.020202020202020204,0.030303030303030304,0.020202020202020204,0.010101010101010102,0.010101010101010102,,,,,
2025-12-22,111,0.9819819819819819,0.972972972972973,0.9369369369369369,0.8558558558558559,0.7387387387387387,0.6306306306306306,0.42342342342342343,0.26126126126126126,0.2072072072072072,0.08108108108108109,0.08108108108108109,0.036036036036036036,0.018018018018018018,0.009009009009009009,0.018018018018018018,0.009009009009009009,0.009009009009009009,,,,
2025-12-29,92,0.9782608695652174,0.9565217391304348,0.8913043478260869,0.8478260869565217,0.6739130434782609,0.5108695652173914,0.32608695652173914,0.31521739130434784,0.18478260869565216,0.043478260869565216,0.043478260869565216,0.043478260869565216,0.010869565217391304,0.010869565217391304,0.010869565217391304,,,0.010869565217391304,,,
2026-01-05,101,1.0,0.9702970297029703,0.9801980198019802,0.801980198019802,0.7326732673267327,0.5544554455445545,0.42574257425742573,0.26732673267326734,0.15841584158415842,0.13861386138613863,0.0891089108910891,0.04950495049504951,0.039603960396039604,0.0297029702970297,0.019801980198019802,0.009900990099009901,0.009900990099009901,,0.009900990099009901,,
2026-01-12,88,0.9772727272727273,0.9772727272727273,0.9318181818181818,0.8636363636363636,0.7727272727272727,0.6704545454545454,0.4318181818181818,0.3409090909090909,0.25,0.2159090909090909,0.07954545454545454,0.07954545454545454,0.045454545454545456,0.011363636363636364,0.011363636363636364,,,,,,
2026-01-19,113,1.0,0.9911504424778761,0.9380530973451328,0.831858407079646,0.6991150442477876,0.5398230088495575,0.4336283185840708,0.336283185840708,0.18584070796460178,0.11504424778761062,0.061946902654867256,0.05309734513274336,0.05309734513274336,0.017699115044247787,0.008849557522123894,0.008849557522123894,0.008849557522123894,,0.008849557522123894,,
2026-01-26,121,1.0,0.9752066115702479,0.9256198347107438,0.8347107438016529,0.743801652892562,0.5785123966942148,0.48760330578512395,0.371900826446281,0.2396694214876033,0.0743801652892562,0.09917355371900827,0.01652892561983471,0.049586776859504134,0.04132231404958678,0.01652892561983471,,,,,,
2026-02-02,107,1.0,0.9719626168224299,0.9252336448598131,0.8598130841121495,0.7289719626168224,0.616822429906542,0.3925233644859813,0.38317757009345793,0.24299065420560748,0.06542056074766354,0.07476635514018691,0.07476635514018691,0.04672897196261682,0.018691588785046728,0.009345794392523364,0.009345794392523364,,,,,
2026-02-09,98,1.0,0.9795918367346939,0.9183673469387755,0.8061224489795918,0.7448979591836735,0.5816326530612245,0.3469387755102041,0.24489795918367346,0.12244897959183673,0.08163265306122448,0.08163265306122448,0.030612244897959183,0.030612244897959183,0.030612244897959183,,0.02040816326530612,,,,,
2026-02-16,96,0.9895833333333334,0.96875,0.875,0.7916666666666666,0.6979166666666666,0.5416666666666666,0.2708333333333333,0.2604166666666667,0.15625,0.125,0.09375,0.052083333333333336,0.010416666666666666,0.03125,0.010416666666666666,,,,,,
2026-02-23,93,0.989247311827957,0.989247311827957,0.9032258064516129,0.7741935483870968,0.6666666666666666,0.5053763440860215,0.44086021505376344,0.3225806451612903,0.20430107526881722,0.10752688172043011,0.0967741935483871,0.03225806451612903,0.043010752688172046,0.03225806451612903,,,0.010752688172043012,,,,
2026-03-02,90,0.9666666666666667,0.9444444444444444,0.9333333333333333,0.7444444444444445,0.6666666666666666,0.5111111111111111,0.36666666666666664,0.26666666666666666,0.25555555555555554,0.06666666666666667,0.07777777777777778,0.03333333333333333,0.022222222222222223,0.03333333333333333,,,,,,,
2026-03-09,92,0.9891304347826086,0.9456521739130435,0.9021739130434783,0.8369565217391305,0.6304347826086957,0.5108695652173914,0.42391304347826086,0.31521739130434784,0.17391304347826086,0.13043478260869565,0.05434782608695652,0.021739130434782608,0.03260869565217391,0.021739130434782608,0.021739130434782608,0.03260869565217391,,,0.010869565217391304,,
2026-03-16,81,0.9876543209876543,0.9629629629629629,0.8888888888888888,0.8271604938271605,0.6790123456790124,0.48148148148148145,0.4444444444444444,0.20987654320987653,0.2345679012345679,0.08641975308641975,0.08641975308641975,0.07407407407407407,0.037037037037037035,0.037037037037037035,0.024691358024691357,0.012345679012345678,,,,,
2026-03-23,83,1.0,0.963855421686747,0.8674698795180723,0.8433734939759037,0.6626506024096386,0.6265060240963856,0.42168674698795183,0.27710843373493976,0.18072289156626506,0.10843373493975904,0.060240963855421686,0.07228915662650602,0.024096385542168676,0.03614457831325301,,0.012048192771084338,,,,,
2026-03-30,104,0.9807692307692307,0.9615384615384616,0.9230769230769231,0.7980769230769231,0.75,0.5384615384615384,0.3942307692307692,0.3557692307692308,0.10576923076923077,0.07692307692307693,0.07692307692307693,0.04807692307692308,0.038461538461538464,0.019230769230769232,0.009615384615384616,0.019230769230769232,,0.019230769230769232,,,
2026-04-06,100,0.99,1.0,0.93,0.83,0.69,0.57,0.4,0.22,0.18,0.12,0.09,0.06,0.01,0.01,,,,,,,
2026-04-13,98,0.9693877551020408,0.9795918367346939,0.9591836734693877,0.8775510204081632,0.7040816326530612,0.6224489795918368,0.3877551020408163,0.336734693877551,0.22448979591836735,0.15306122448979592,0.05102040816326531,0.061224489795918366,0.04081632653061224,,,,0.01020408163265306,,,,
2026-04-20,89,0.9775280898876404,0.9550561797752809,0.9325842696629213,0.797752808988764,0.6966292134831461,0.5056179775280899,0.4606741573033708,0.24719101123595505,0.1797752808988764,0.14606741573033707,0.0449438202247191,0.02247191011235955,,0.02247191011235955,,,,,,,
2026-04-27,83,0.9879518072289156,0.9759036144578314,0.9156626506024096,0.7951807228915663,0.6987951807228916,0.5903614457831325,0.4457831325301205,0.3373493975903614,0.1686746987951807,0.14457831325301204,0.14457831325301204,0.060240963855421686,0.03614457831325301,0.024096385542168676,,0.012048192771084338,,0.012048192771084338,,,
2026-05-04,94,0.9787234042553191,0.9893617021276596,0.9574468085106383,0.8297872340425532,0.7340425531914894,0.5425531914893617,0.44680851063829785,0.3191489361702128,0.22340425531914893,0.0851063829787234,0.05319148936170213,0.06382978723404255,0.031914893617021274,0.0425531914893617,,0.010638297872340425,,,,,
2026-05-11,85,0.9882352941176471,0.9647058823529412,0.9294117647058824,0.8588235294117647,0.7294117647058823,0.5882352941176471,0.36470588235294116,0.2823529411764706,0.32941176470588235,0.10588235294117647,0.09411764705882353,0.047058823529411764,0.023529411764705882,0.023529411764705882,,,,,,,
2026-05-18,98,0.9795918367346939,0.9591836734693877,0.9183673469387755,0.8367346938775511,0.6326530612244898,0.5510204081632653,0.35714285714285715,0.29591836734693877,0.21428571428571427,0.11224489795918367,0.05102040816326531,0.05102040816326531,0.030612244897959183,0.01020408163265306,,,,,,,
2026-05-25,101,0.9900990099009901,0.9702970297029703,0.9207920792079208,0.8118811881188119,0.7227722772277227,0.6138613861386139,0.40594059405940597,0.297029702970297,0.13861386138613863,0.16831683168316833,0.0891089108910891,0.019801980198019802,0.039603960396039604,,,,,,,,
2026-06-01,87,0.9885057471264368,0.9655172413793104,0.9080459770114943,0.7931034482758621,0.7126436781609196,0.5517241379310345,0.42528735632183906,0.20689655172413793,0.26436781609195403,0.20689655172413793,0.08045977011494253,0.022988505747126436,0.011494252873563218,,,,,,,,
2026-06-08,94,0.9893617021276596,0.9468085106382979,0.9042553191489362,0.7659574468085106,0.7872340425531915,0.5957446808510638,0.40425531914893614,0.3191489361702128,0.1595744680851064,0.10638297872340426,0.0851063829787234,0.06382978723404255,,,,,,,,,
2026-06-15,114,0.9649122807017544,0.9736842105263158,0.9122807017543859,0.7894736842105263,0.6929824561403509,0.5263157894736842,0.4298245614035088,0.2807017543859649,0.21052631578947367,0.12280701754385964,0.08771929824561403,,,,,,,,,,
2026-06-22,69,1.0,0.9855072463768116,0.927536231884058,0.855072463768116,0.7681159420289855,0.6231884057971014,0.5217391304347826,0.36231884057971014,0.17391304347826086,0.11594202898550725,,,,,,,,,,,
2026-06-29,103,0.9902912621359223,0.970873786407767,0.8932038834951457,0.8252427184466019,0.7378640776699029,0.47572815533980584,0.33980582524271846,0.27184466019417475,0.20388349514563106,,,,,,,,,,,,
2026-07-06,111,1.0,0.954954954954955,0.8828828828828829,0.7747747747747747,0.6486486486486487,0.5405405405405406,0.3783783783783784,0.1981981981981982,0.009009009009009009,,,,,,,,,,,,
2026-07-13,105,1.0,0.9809523809523809,0.9523809523809523,0.8761904761904762,0.6190476190476191,0.5333333333333333,0.3333333333333333,0.009523809523809525,,,,,,,,,,,,,
2026-07-20,92,0.967391304347826,0.967391304347826,0.9565217391304348,0.8260869565217391,0.75,0.31521739130434784,0.010869565217391304,,,,,,,,,,,,,,
2026-07-27,81,1.0,0.9753086419753086,1.0,0.8641975308641975,0.5308641975308642,0.024691358024691357,,,,,,,,,,,,,,,
2026-08-03,103,1.0,0.9805825242718447,0.912621359223301,0.7281553398058253,0.02912621359223301,,,,,,,,,,,,,,,,
2026-08-10,94,0.9680851063829787,0.9680851063829787,0.8191489361702128,0.09574468085106383,,,,,,,,,,,,,,,,,
2026-08-17,91,0.989010989010989,0.8681318681318682,0.02197802197802198,,,,,,,,,,,,,,,,,,
2026-08-24,96,0.9375,0.0625,,,,,,,,,,,,,,,,,,,
2026-08-31,19,0.631578947368421,,,,,,,,,,,,,,,,,,,,
